<?xml version="1.0" encoding="UTF-8" ?>
<!DOCTYPE mapper PUBLIC "-//mybatis.org//DTD Mapper 3.0//EN" "http://mybatis.org/dtd/mybatis-3-mapper.dtd" >
<mapper namespace="com.ele.learn.mapper.ImageMapper" >
  <resultMap id="BaseResultMap" type="com.ele.learn.entity.Image" >
    <constructor >
      <idArg column="IMAGE_ID" jdbcType="INTEGER" javaType="java.lang.Integer" />
      <arg column="IMAGE_NAME" jdbcType="VARCHAR" javaType="java.lang.String" />
      <arg column="IMAGE_URL" jdbcType="VARCHAR" javaType="java.lang.String" />
      <arg column="IMAGE_MODULE_ID" jdbcType="INTEGER" javaType="java.lang.Integer" />
      <arg column="IMAGE_MODULE_NAME" jdbcType="VARCHAR" javaType="java.lang.String" />
      <arg column="IMAGE_DOWN" jdbcType="VARCHAR" javaType="java.lang.String" />
    </constructor>
  </resultMap>
  <sql id="Base_Column_List" >
    IMAGE_ID, IMAGE_NAME, IMAGE_URL, IMAGE_MODULE_ID, IMAGE_MODULE_NAME, IMAGE_DOWN
  </sql>
  <select id="selectByPrimaryKey" resultMap="BaseResultMap" parameterType="java.lang.Integer" >
    select 
    <include refid="Base_Column_List" />
    from IMAGE
    where IMAGE_ID = #{imageId,jdbcType=INTEGER}
  </select>
  <delete id="deleteByPrimaryKey" parameterType="java.lang.Integer" >
    delete from IMAGE
    where IMAGE_ID = #{imageId,jdbcType=INTEGER}
  </delete>
  <insert id="insert" parameterType="com.ele.learn.entity.Image" >
    insert into IMAGE (IMAGE_ID, IMAGE_NAME, IMAGE_URL, 
      IMAGE_MODULE_ID, IMAGE_MODULE_NAME, IMAGE_DOWN
      )
    values (#{imageId,jdbcType=INTEGER}, #{imageName,jdbcType=VARCHAR}, #{imageUrl,jdbcType=VARCHAR}, 
      #{imageModuleId,jdbcType=INTEGER}, #{imageModuleName,jdbcType=VARCHAR}, #{imageDown,jdbcType=VARCHAR}
      )
  </insert>
  <insert id="insertSelective" parameterType="com.ele.learn.entity.Image" >
    insert into IMAGE
    <trim prefix="(" suffix=")" suffixOverrides="," >
      <if test="imageId != null" >
        IMAGE_ID,
      </if>
      <if test="imageName != null" >
        IMAGE_NAME,
      </if>
      <if test="imageUrl != null" >
        IMAGE_URL,
      </if>
      <if test="imageModuleId != null" >
        IMAGE_MODULE_ID,
      </if>
      <if test="imageModuleName != null" >
        IMAGE_MODULE_NAME,
      </if>
      <if test="imageDown != null" >
        IMAGE_DOWN,
      </if>
    </trim>
    <trim prefix="values (" suffix=")" suffixOverrides="," >
      <if test="imageId != null" >
        #{imageId,jdbcType=INTEGER},
      </if>
      <if test="imageName != null" >
        #{imageName,jdbcType=VARCHAR},
      </if>
      <if test="imageUrl != null" >
        #{imageUrl,jdbcType=VARCHAR},
      </if>
      <if test="imageModuleId != null" >
        #{imageModuleId,jdbcType=INTEGER},
      </if>
      <if test="imageModuleName != null" >
        #{imageModuleName,jdbcType=VARCHAR},
      </if>
      <if test="imageDown != null" >
        #{imageDown,jdbcType=VARCHAR},
      </if>
    </trim>
  </insert>
  <update id="updateByPrimaryKeySelective" parameterType="com.ele.learn.entity.Image" >
    update IMAGE
    <set >
      <if test="imageName != null" >
        IMAGE_NAME = #{imageName,jdbcType=VARCHAR},
      </if>
      <if test="imageUrl != null" >
        IMAGE_URL = #{imageUrl,jdbcType=VARCHAR},
      </if>
      <if test="imageModuleId != null" >
        IMAGE_MODULE_ID = #{imageModuleId,jdbcType=INTEGER},
      </if>
      <if test="imageModuleName != null" >
        IMAGE_MODULE_NAME = #{imageModuleName,jdbcType=VARCHAR},
      </if>
      <if test="imageDown != null" >
        IMAGE_DOWN = #{imageDown,jdbcType=VARCHAR},
      </if>
    </set>
    where IMAGE_ID = #{imageId,jdbcType=INTEGER}
  </update>
  <update id="updateByPrimaryKey" parameterType="com.ele.learn.entity.Image" >
    update IMAGE
    set IMAGE_NAME = #{imageName,jdbcType=VARCHAR},
      IMAGE_URL = #{imageUrl,jdbcType=VARCHAR},
      IMAGE_MODULE_ID = #{imageModuleId,jdbcType=INTEGER},
      IMAGE_MODULE_NAME = #{imageModuleName,jdbcType=VARCHAR},
      IMAGE_DOWN = #{imageDown,jdbcType=VARCHAR}
    where IMAGE_ID = #{imageId,jdbcType=INTEGER}
  </update>
</mapper>