<?xml version="1.0" encoding="UTF-8" ?>
<!DOCTYPE mapper PUBLIC "-//mybatis.org//DTD Mapper 3.0//EN" "http://mybatis.org/dtd/mybatis-3-mapper.dtd" >
<mapper namespace="com.ele.learn.mapper.ModuleMapper" >
  <resultMap id="BaseResultMap" type="com.ele.learn.entity.Module" >
    <constructor >
      <idArg column="MODULE_ID" jdbcType="INTEGER" javaType="java.lang.Integer" />
      <arg column="MODULE_NAME" jdbcType="VARCHAR" javaType="java.lang.String" />
      <arg column="TOTAL_PAGE" jdbcType="INTEGER" javaType="java.lang.Integer" />
      <arg column="SIT_ID" jdbcType="INTEGER" javaType="java.lang.Integer" />
      <arg column="SIT_NAME" jdbcType="VARCHAR" javaType="java.lang.String" />
    </constructor>
  </resultMap>
  <sql id="Base_Column_List" >
    MODULE_ID, MODULE_NAME, TOTAL_PAGE, SIT_ID, SIT_NAME
  </sql>
  <select id="selectByPrimaryKey" resultMap="BaseResultMap" parameterType="java.lang.Integer" >
    select 
    <include refid="Base_Column_List" />
    from MODULE
    where MODULE_ID = #{moduleId,jdbcType=INTEGER}
  </select>
  <delete id="deleteByPrimaryKey" parameterType="java.lang.Integer" >
    delete from MODULE
    where MODULE_ID = #{moduleId,jdbcType=INTEGER}
  </delete>
  <insert id="insert" parameterType="com.ele.learn.entity.Module" >
    insert into MODULE (MODULE_ID, MODULE_NAME, TOTAL_PAGE, 
      SIT_ID, SIT_NAME)
    values (#{moduleId,jdbcType=INTEGER}, #{moduleName,jdbcType=VARCHAR}, #{totalPage,jdbcType=INTEGER}, 
      #{sitId,jdbcType=INTEGER}, #{sitName,jdbcType=VARCHAR})
  </insert>
  <insert id="insertSelective" parameterType="com.ele.learn.entity.Module" >
    insert into MODULE
    <trim prefix="(" suffix=")" suffixOverrides="," >
      <if test="moduleId != null" >
        MODULE_ID,
      </if>
      <if test="moduleName != null" >
        MODULE_NAME,
      </if>
      <if test="totalPage != null" >
        TOTAL_PAGE,
      </if>
      <if test="sitId != null" >
        SIT_ID,
      </if>
      <if test="sitName != null" >
        SIT_NAME,
      </if>
    </trim>
    <trim prefix="values (" suffix=")" suffixOverrides="," >
      <if test="moduleId != null" >
        #{moduleId,jdbcType=INTEGER},
      </if>
      <if test="moduleName != null" >
        #{moduleName,jdbcType=VARCHAR},
      </if>
      <if test="totalPage != null" >
        #{totalPage,jdbcType=INTEGER},
      </if>
      <if test="sitId != null" >
        #{sitId,jdbcType=INTEGER},
      </if>
      <if test="sitName != null" >
        #{sitName,jdbcType=VARCHAR},
      </if>
    </trim>
  </insert>
  <update id="updateByPrimaryKeySelective" parameterType="com.ele.learn.entity.Module" >
    update MODULE
    <set >
      <if test="moduleName != null" >
        MODULE_NAME = #{moduleName,jdbcType=VARCHAR},
      </if>
      <if test="totalPage != null" >
        TOTAL_PAGE = #{totalPage,jdbcType=INTEGER},
      </if>
      <if test="sitId != null" >
        SIT_ID = #{sitId,jdbcType=INTEGER},
      </if>
      <if test="sitName != null" >
        SIT_NAME = #{sitName,jdbcType=VARCHAR},
      </if>
    </set>
    where MODULE_ID = #{moduleId,jdbcType=INTEGER}
  </update>
  <update id="updateByPrimaryKey" parameterType="com.ele.learn.entity.Module" >
    update MODULE
    set MODULE_NAME = #{moduleName,jdbcType=VARCHAR},
      TOTAL_PAGE = #{totalPage,jdbcType=INTEGER},
      SIT_ID = #{sitId,jdbcType=INTEGER},
      SIT_NAME = #{sitName,jdbcType=VARCHAR}
    where MODULE_ID = #{moduleId,jdbcType=INTEGER}
  </update>
</mapper>