<?xml version="1.0" encoding="UTF-8" ?>
<!DOCTYPE mapper PUBLIC "-//mybatis.org//DTD Mapper 3.0//EN" "http://mybatis.org/dtd/mybatis-3-mapper.dtd" >
<mapper namespace="com.ele.learn.mapper.SpiderConfigMapper" >
  <resultMap id="BaseResultMap" type="com.ele.learn.entity.SpiderConfig" >
    <constructor >
      <idArg column="SIT_ID" jdbcType="INTEGER" javaType="java.lang.Integer" />
      <arg column="SIT_NAME" jdbcType="VARCHAR" javaType="java.lang.String" />
      <arg column="SIT_URL" jdbcType="VARCHAR" javaType="java.lang.String" />
      <arg column="TEMPLATE_URL" jdbcType="VARCHAR" javaType="java.lang.String" />
      <arg column="RESOURCE_LIST_SELECT" jdbcType="VARCHAR" javaType="java.lang.String" />
      <arg column="TITLE_SELECT" jdbcType="VARCHAR" javaType="java.lang.String" />
      <arg column="RESOURCE_SELECT" jdbcType="VARCHAR" javaType="java.lang.String" />
      <arg column="HTTPS" jdbcType="VARCHAR" javaType="java.lang.String" />
      <arg column="TITLE_FILTER" jdbcType="VARCHAR" javaType="java.lang.String" />
    </constructor>
  </resultMap>
  <sql id="Base_Column_List" >
    SIT_ID, SIT_NAME, SIT_URL, TEMPLATE_URL, RESOURCE_LIST_SELECT, TITLE_SELECT, RESOURCE_SELECT, 
    HTTPS, TITLE_FILTER
  </sql>
  <select id="selectByPrimaryKey" resultMap="BaseResultMap" parameterType="java.lang.Integer" >
    select 
    <include refid="Base_Column_List" />
    from SPIDER_CONFIG
    where SIT_ID = #{sitId,jdbcType=INTEGER}
  </select>
  <delete id="deleteByPrimaryKey" parameterType="java.lang.Integer" >
    delete from SPIDER_CONFIG
    where SIT_ID = #{sitId,jdbcType=INTEGER}
  </delete>
  <insert id="insert" parameterType="com.ele.learn.entity.SpiderConfig" >
    insert into SPIDER_CONFIG (SIT_ID, SIT_NAME, SIT_URL, 
      TEMPLATE_URL, RESOURCE_LIST_SELECT, TITLE_SELECT, 
      RESOURCE_SELECT, HTTPS, TITLE_FILTER
      )
    values (#{sitId,jdbcType=INTEGER}, #{sitName,jdbcType=VARCHAR}, #{sitUrl,jdbcType=VARCHAR}, 
      #{templateUrl,jdbcType=VARCHAR}, #{resourceListSelect,jdbcType=VARCHAR}, #{titleSelect,jdbcType=VARCHAR}, 
      #{resourceSelect,jdbcType=VARCHAR}, #{https,jdbcType=VARCHAR}, #{titleFilter,jdbcType=VARCHAR}
      )
  </insert>
  <insert id="insertSelective" parameterType="com.ele.learn.entity.SpiderConfig" >
    insert into SPIDER_CONFIG
    <trim prefix="(" suffix=")" suffixOverrides="," >
      <if test="sitId != null" >
        SIT_ID,
      </if>
      <if test="sitName != null" >
        SIT_NAME,
      </if>
      <if test="sitUrl != null" >
        SIT_URL,
      </if>
      <if test="templateUrl != null" >
        TEMPLATE_URL,
      </if>
      <if test="resourceListSelect != null" >
        RESOURCE_LIST_SELECT,
      </if>
      <if test="titleSelect != null" >
        TITLE_SELECT,
      </if>
      <if test="resourceSelect != null" >
        RESOURCE_SELECT,
      </if>
      <if test="https != null" >
        HTTPS,
      </if>
      <if test="titleFilter != null" >
        TITLE_FILTER,
      </if>
    </trim>
    <trim prefix="values (" suffix=")" suffixOverrides="," >
      <if test="sitId != null" >
        #{sitId,jdbcType=INTEGER},
      </if>
      <if test="sitName != null" >
        #{sitName,jdbcType=VARCHAR},
      </if>
      <if test="sitUrl != null" >
        #{sitUrl,jdbcType=VARCHAR},
      </if>
      <if test="templateUrl != null" >
        #{templateUrl,jdbcType=VARCHAR},
      </if>
      <if test="resourceListSelect != null" >
        #{resourceListSelect,jdbcType=VARCHAR},
      </if>
      <if test="titleSelect != null" >
        #{titleSelect,jdbcType=VARCHAR},
      </if>
      <if test="resourceSelect != null" >
        #{resourceSelect,jdbcType=VARCHAR},
      </if>
      <if test="https != null" >
        #{https,jdbcType=VARCHAR},
      </if>
      <if test="titleFilter != null" >
        #{titleFilter,jdbcType=VARCHAR},
      </if>
    </trim>
  </insert>
  <update id="updateByPrimaryKeySelective" parameterType="com.ele.learn.entity.SpiderConfig" >
    update SPIDER_CONFIG
    <set >
      <if test="sitName != null" >
        SIT_NAME = #{sitName,jdbcType=VARCHAR},
      </if>
      <if test="sitUrl != null" >
        SIT_URL = #{sitUrl,jdbcType=VARCHAR},
      </if>
      <if test="templateUrl != null" >
        TEMPLATE_URL = #{templateUrl,jdbcType=VARCHAR},
      </if>
      <if test="resourceListSelect != null" >
        RESOURCE_LIST_SELECT = #{resourceListSelect,jdbcType=VARCHAR},
      </if>
      <if test="titleSelect != null" >
        TITLE_SELECT = #{titleSelect,jdbcType=VARCHAR},
      </if>
      <if test="resourceSelect != null" >
        RESOURCE_SELECT = #{resourceSelect,jdbcType=VARCHAR},
      </if>
      <if test="https != null" >
        HTTPS = #{https,jdbcType=VARCHAR},
      </if>
      <if test="titleFilter != null" >
        TITLE_FILTER = #{titleFilter,jdbcType=VARCHAR},
      </if>
    </set>
    where SIT_ID = #{sitId,jdbcType=INTEGER}
  </update>
  <update id="updateByPrimaryKey" parameterType="com.ele.learn.entity.SpiderConfig" >
    update SPIDER_CONFIG
    set SIT_NAME = #{sitName,jdbcType=VARCHAR},
      SIT_URL = #{sitUrl,jdbcType=VARCHAR},
      TEMPLATE_URL = #{templateUrl,jdbcType=VARCHAR},
      RESOURCE_LIST_SELECT = #{resourceListSelect,jdbcType=VARCHAR},
      TITLE_SELECT = #{titleSelect,jdbcType=VARCHAR},
      RESOURCE_SELECT = #{resourceSelect,jdbcType=VARCHAR},
      HTTPS = #{https,jdbcType=VARCHAR},
      TITLE_FILTER = #{titleFilter,jdbcType=VARCHAR}
    where SIT_ID = #{sitId,jdbcType=INTEGER}
  </update>
</mapper>