<?xml version="1.0" encoding="UTF-8" ?>
<!DOCTYPE mapper PUBLIC "-//mybatis.org//DTD Mapper 3.0//EN" "http://mybatis.org/dtd/mybatis-3-mapper.dtd" >
<mapper namespace="com.ele.learn.mapper.TxtMapper" >
  <resultMap id="BaseResultMap" type="com.ele.learn.entity.Txt" >
    <constructor >
      <idArg column="TXT_ID" jdbcType="INTEGER" javaType="java.lang.Integer" />
      <arg column="TXT_NAME" jdbcType="VARCHAR" javaType="java.lang.String" />
      <arg column="TXT_URL" jdbcType="VARCHAR" javaType="java.lang.String" />
      <arg column="TXT_MODULE_ID" jdbcType="INTEGER" javaType="java.lang.Integer" />
      <arg column="TXT_IS_DOWN" jdbcType="VARCHAR" javaType="java.lang.String" />
      <arg column="TXT_MODULE_NAME" jdbcType="VARCHAR" javaType="java.lang.String" />
    </constructor>
  </resultMap>
  <sql id="Base_Column_List" >
    TXT_ID, TXT_NAME, TXT_URL, TXT_MODULE_ID, TXT_IS_DOWN, TXT_MODULE_NAME
  </sql>
  <select id="selectByPrimaryKey" resultMap="BaseResultMap" parameterType="java.lang.Integer" >
    select 
    <include refid="Base_Column_List" />
    from TXT
    where TXT_ID = #{txtId,jdbcType=INTEGER}
  </select>
  <delete id="deleteByPrimaryKey" parameterType="java.lang.Integer" >
    delete from TXT
    where TXT_ID = #{txtId,jdbcType=INTEGER}
  </delete>
  <insert id="insert" parameterType="com.ele.learn.entity.Txt" >
    insert into TXT (TXT_ID, TXT_NAME, TXT_URL, 
      TXT_MODULE_ID, TXT_IS_DOWN, TXT_MODULE_NAME
      )
    values (#{txtId,jdbcType=INTEGER}, #{txtName,jdbcType=VARCHAR}, #{txtUrl,jdbcType=VARCHAR}, 
      #{txtModuleId,jdbcType=INTEGER}, #{txtIsDown,jdbcType=VARCHAR}, #{txtModuleName,jdbcType=VARCHAR}
      )
  </insert>
  <insert id="insertSelective" parameterType="com.ele.learn.entity.Txt" >
    insert into TXT
    <trim prefix="(" suffix=")" suffixOverrides="," >
      <if test="txtId != null" >
        TXT_ID,
      </if>
      <if test="txtName != null" >
        TXT_NAME,
      </if>
      <if test="txtUrl != null" >
        TXT_URL,
      </if>
      <if test="txtModuleId != null" >
        TXT_MODULE_ID,
      </if>
      <if test="txtIsDown != null" >
        TXT_IS_DOWN,
      </if>
      <if test="txtModuleName != null" >
        TXT_MODULE_NAME,
      </if>
    </trim>
    <trim prefix="values (" suffix=")" suffixOverrides="," >
      <if test="txtId != null" >
        #{txtId,jdbcType=INTEGER},
      </if>
      <if test="txtName != null" >
        #{txtName,jdbcType=VARCHAR},
      </if>
      <if test="txtUrl != null" >
        #{txtUrl,jdbcType=VARCHAR},
      </if>
      <if test="txtModuleId != null" >
        #{txtModuleId,jdbcType=INTEGER},
      </if>
      <if test="txtIsDown != null" >
        #{txtIsDown,jdbcType=VARCHAR},
      </if>
      <if test="txtModuleName != null" >
        #{txtModuleName,jdbcType=VARCHAR},
      </if>
    </trim>
  </insert>
  <update id="updateByPrimaryKeySelective" parameterType="com.ele.learn.entity.Txt" >
    update TXT
    <set >
      <if test="txtName != null" >
        TXT_NAME = #{txtName,jdbcType=VARCHAR},
      </if>
      <if test="txtUrl != null" >
        TXT_URL = #{txtUrl,jdbcType=VARCHAR},
      </if>
      <if test="txtModuleId != null" >
        TXT_MODULE_ID = #{txtModuleId,jdbcType=INTEGER},
      </if>
      <if test="txtIsDown != null" >
        TXT_IS_DOWN = #{txtIsDown,jdbcType=VARCHAR},
      </if>
      <if test="txtModuleName != null" >
        TXT_MODULE_NAME = #{txtModuleName,jdbcType=VARCHAR},
      </if>
    </set>
    where TXT_ID = #{txtId,jdbcType=INTEGER}
  </update>
  <update id="updateByPrimaryKey" parameterType="com.ele.learn.entity.Txt" >
    update TXT
    set TXT_NAME = #{txtName,jdbcType=VARCHAR},
      TXT_URL = #{txtUrl,jdbcType=VARCHAR},
      TXT_MODULE_ID = #{txtModuleId,jdbcType=INTEGER},
      TXT_IS_DOWN = #{txtIsDown,jdbcType=VARCHAR},
      TXT_MODULE_NAME = #{txtModuleName,jdbcType=VARCHAR}
    where TXT_ID = #{txtId,jdbcType=INTEGER}
  </update>
</mapper>